First Name,Last Name,Legal Name,Sector,Region,Mailing Street,Mailing Zip/Postal Code,Mailing Country,Email New,Birthdate
Adam,milne,AIG Group,,,,,,,
kane,willy,Omaxe Group,,,,,,,
jimmy,neesham,Tata Motors,,,,,,,
kemar,roach,Ranbaxy,,,,,,,
mitchell,marsh,Walmart inc,,,,,,,
stev,smith,AIG Group,,,,,,,
ross,taylor,Omaxe Group,,,,,,,
tom,latham,Tata Motors,,,,,,,
steve,finn,Ranbaxy,,,,,,,
criss,morris,Walmart inc,,,,,,,
matt,henry,AIG Group,,,,,,,
ab,williams,Omaxe Group,,,,,,,
jp,duminy,Tata Motors,,,,,,,
greme,smith,Ranbaxy,,,,,,,
marcus,stoinis,Walmart inc,,,,,,,
James,Falcon,CF Corporation,Business Services,Asia Pacific,6649 N Blue Gum St,70116,Hongkong ,JamesButt@gmail.com,05/18/1988
Josephine,Darakjy,RGA Inc,Business Services,Europe,4 B Blue Ridge Blvd,48116,Germany,JosephineDarakjy@gmail.com,05/18/1988
Art,Venere,Loews Corporation,Energy,North America,8 W Cerritos Ave #54,8014,Mexico,ArtVenere@gmail.com,05/18/1988
Lenna,Paprocki,Axis CH Limited,Healthcare,Africa,639 Main St,99501,Egypt,LennaPaprocki@gmail.com,05/18/1988
Donette,Foller,Signature Bank,Healthcare,North America,34 Center St,45011,USA,DonetteFoller@gmail.com,05/18/1988
Simona,Morasca,XL-Group plc,Healthcare,South America,3 Mcauley Dr,44805,Peru,SimonaMorasca@gmail.com,05/18/1988
Mitsue,Tollner,AF Group Inc,Manufacturing,Asia Pacific,7 Eads St,60632,Australia,MitsueTollner@gmail.com,05/18/1988
Leota,Dilliard,Erie & Indemnity Company,Retail,Europe,7 W Jackson Blvd,95111,UK,LeotaDilliard@gmail.com,05/18/1988
Sage,Wieser,CF Corporation,Retail,North America,5 Boston Ave #88,57105,Guiana,SageWieser@gmail.com,05/18/1988
Kris,Marrier,RGA Inc,Technology,Africa,228 Runamuck Pl #2808,21224,Qatar,KrisMarrier@gmail.com,05/18/1988
Minna,Amigon,Loews Corporation,Business Services,North America,2371 Jerrold Ave,19443,Canada,MinnaAmigon@gmail.com,05/18/1988
Abel,Maclead,Axis CH Limited,Business Services,South America,37275 St  Rt 17m M,11953,Brazil,AbelMaclead@gmail.com,05/18/1988
Kiley,Caldarera,Signature Bank,Energy,Asia Pacific,25 E 75th St #69,90034,Hongkong ,KileyCaldarera@gmail.com,05/18/1988
Graciela,Ruta,XL-Group plc,Healthcare,Europe,98 Connecticut Ave Nw,44023,Germany,GracielaRuta@gmail.com,05/18/1988
Cammy,Albares,AF Group Inc,Healthcare,North America,56 E Morehead St,78045,Mexico,CammyAlbares@gmail.com,05/20/2000
Mattie,Poquette,Erie & Indemnity Company,Healthcare,Africa,73 State Road 434 E,85013,Egypt,MattiePoquette@gmail.com,05/20/2000
Meaghan,Garufi,CF Corporation,Manufacturing,North America,69734 E Carrillo St,37110,USA,MeaghanGarufi@gmail.com,05/20/2000
Gladys,Rim,RGA Inc,Retail,South America,322 New Horizon Blvd,53207,Peru,GladysRim@gmail.com,05/20/2000
Yuki,Whobrey,Loews Corporation,Retail,Asia Pacific,1 State Route 27,48180,Australia,YukiWhobrey@gmail.com,05/20/2000
Fletcher,Flosi,Axis CH Limited,Technology,Europe,394 Manchester Blvd,61109,UK,FletcherFlosi@gmail.com,05/20/2000
Bette,Nicka,Signature Bank,Business Services,North America,6 S 33rd St,19014,Guiana,BetteNicka@gmail.com,05/20/2000
Veronika,Inouye,XL-Group plc,Business Services,Africa,6 Greenleaf Ave,95111,Qatar,VeronikaInouye@gmail.com,05/20/2000
Willard,Kolmetz,AF Group Inc,Energy,North America,618 W Yakima Ave,75062,Canada,WillardKolmetz@gmail.com,05/20/2000
Maryann,Royster,Erie & Indemnity Company,Healthcare,South America,74 S Westgate St,12204,Brazil,MaryannRoyster@gmail.com,05/20/2000
Alisha,Slusarski,CF Corporation,Healthcare,Asia Pacific,3273 State St,8846,Hongkong ,AlishaSlusarski@gmail.com,05/20/2000
